geneid,genename,md.hcC1,md.hcC2,WT.hc,WT.hc.padj,FC.hc,biotype
ENSG00000000938,FGR,93.4165,45.646,2.82195248646992e-09,5.63945077094999e-08,2.0241071046,protein_coding
ENSG00000001630,CYP51A1,2.7785,9.714,7.15058540659286e-12,5.45119530005924e-10,2.8355167394,protein_coding
ENSG00000004799,PDK4,3.1425,0.727,1.51141340055871e-05,9.95660700881655e-05,2.3986682108,protein_coding
ENSG00000005187,ACSM3,3.6045,11.19,2.76820142468936e-11,1.41102776256666e-09,2.6474101423,protein_coding
ENSG00000005882,PDK2,3.5705,1.243,3.39739046911172e-12,3.2058786442706e-10,2.0376727597,protein_coding
ENSG00000006075,CCL3,0.8865,3.733,0.0001247505,0.0006586404,2.5088788762,protein_coding
ENSG00000006634,DBF4,4.666,11.541,1.77970314277478e-12,2.23883232855023e-10,2.2133780445,protein_coding
ENSG00000006652,IFRD1,4.419,20.296,6.28775625820094e-13,1.31270290094749e-10,3.929876361,protein_coding
ENSG00000007129,CEACAM21,14.598,5.22,2.08533421192742e-11,1.13993429643369e-09,2.5077170418,protein_coding
ENSG00000007312,CD79B,143.22,49.127,2.05772746085949e-13,8.87513682541473e-11,2.8770921858,protein_coding
ENSG00000008853,RHOBTB2,22.0455,9.656,5.09320971357201e-06,3.81567833647619e-05,2.1626783033,protein_coding
ENSG00000009724,MASP2,6.0045,2.376,1.2210007801963e-09,2.81436725309153e-08,2.074792654,protein_coding
ENSG00000009790,TRAF3IP3,34.9995,13.359,5.94937222501031e-13,1.31183657561477e-10,2.5071035587,protein_coding
ENSG00000012124,CD22,88.601,36.946,2.6129880624729e-07,2.78763708790429e-06,2.3612765509,protein_coding
ENSG00000013441,CLK1,65.153,143.005,5.62888390337369e-13,1.26970151910065e-10,2.1768476108,protein_coding
ENSG00000026751,SLAMF7,1.097,4.161,3.79620437201248e-05,0.0002283132,2.4611349547,protein_coding
ENSG00000028277,POU2F2,27.3625,11.986,3.88645702760323e-10,1.0934734901534e-08,2.1840828585,protein_coding
ENSG00000037757,MRI1,8.0965,3.053,6.73754598553832e-11,2.74033100918542e-09,2.2443868739,protein_coding
ENSG00000044574,HSPA5,31.7275,114.272,5.53978398437635e-14,5.48425576964212e-11,3.5221755404,protein_coding
ENSG00000051108,HERPUD1,35.7455,85.529,1.62910080853326e-08,2.4554753315715e-07,2.3548189574,protein_coding
ENSG00000051128,HOMER3,2.281,0.508,0.0022737182,0.0084647605,2.175729443,protein_coding
ENSG00000052749,RRP12,2.7865,9.846,4.07119684007865e-09,7.6638083825538e-08,2.8643866367,protein_coding
ENSG00000054277,OPN3,8.6885,3.415,8.03420304543338e-11,3.10980705453861e-09,2.1944507361,protein_coding
ENSG00000055044,NOP58,27.4925,58.427,7.02103967520596e-13,1.35770210595141e-10,2.0857067649,protein_coding
ENSG00000059804,SLC2A3,2.9145,16.589,5.1100044355682e-09,9.31549299078571e-08,4.4932941627,protein_coding
ENSG00000061656,SPAG4,2.0815,6.867,2.49786870567682e-11,1.30892989090934e-09,2.552977446,protein_coding
ENSG00000064666,CNN2,50.46,24.288,6.57089036822145e-11,2.67809840147792e-09,2.034957292,protein_coding
ENSG00000064886,CHI3L2,3.228,0.913,1.02088910685886e-07,1.2165301656189e-06,2.2101411396,protein_coding
ENSG00000065057,NTHL1,3.118,0.879,1.74023540277005e-11,1.00150292262935e-09,2.191591272,protein_coding
ENSG00000065154,OAT,2.6465,6.442,0.0009766938,0.0040518184,2.0408610997,protein_coding
ENSG00000067064,IDI1,17.955,53.021,6.58501168111844e-14,5.87398007891404e-11,2.8499604326,protein_coding
ENSG00000067082,KLF6,44.0865,161.626,8.36710355995739e-10,2.04229134095005e-08,3.6069776984,protein_coding
ENSG00000069956,MAPK6,4.8005,12.373,1.23571241917392e-13,7.6984883714535e-11,2.305490906,protein_coding
ENSG00000070761,C16orf80,5.2535,25.113,2.72585747286289e-13,9.81698766395514e-11,4.1757415847,protein_coding
ENSG00000072135,PTPN18,12.9385,4.277,3.95943130799857e-11,1.84784446382445e-09,2.6413682016,protein_coding
ENSG00000072694,FCGR2B,18.0965,6.81,8.82862119006018e-12,6.27836028783078e-10,2.445134443,protein_coding
ENSG00000073605,GSDMB,11.1355,4.925,5.44517450462256e-10,1.43820763211259e-08,2.048185654,protein_coding
ENSG00000074071,MRPS34,8.398,3.606,4.97587370165122e-11,2.18454213552695e-09,2.0403821103,protein_coding
ENSG00000077238,IL4R,286.368,107.804,1.18770337193375e-05,8.03173150327837e-05,2.6411528988,protein_coding
ENSG00000077348,EXOSC5,3.4195,1.173,1.45083933970925e-11,8.82852608437958e-10,2.0338242062,protein_coding
ENSG00000078237,C12orf5,2.734,7.545,5.66442469856094e-07,5.52218094867904e-06,2.2884306374,protein_coding
ENSG00000078804,TP53INP2,3.978,14.525,1.06411065040144e-07,1.25886224210373e-06,3.1187223785,protein_coding
ENSG00000080371,RAB21,9.5765,27.172,1.64134420515463e-13,8.87513682541473e-11,2.6636410911,protein_coding
ENSG00000080824,HSP90AA1,56.1265,148.48,4.03291415173011e-13,1.13062748243754e-10,2.6166490158,protein_coding
ENSG00000081320,STK17B,17.0385,53.729,8.77371706425147e-10,2.12436533655032e-08,3.0340105885,protein_coding
ENSG00000086061,DNAJA1,13.482,73.323,1.01528225845458e-14,5.48425576964212e-11,5.1320950145,protein_coding
ENSG00000087074,PPP1R15A,35.854,242.363,1.1673148671233e-13,7.6984883714535e-11,6.6034351766,protein_coding
ENSG00000087266,SH3BP2,14.2795,5.476,9.58459994148074e-09,1.57597806075902e-07,2.3594039531,protein_coding
ENSG00000088832,FKBP1A,15.4625,6.55,1.01282113331778e-06,9.16160789619483e-06,2.1804635762,protein_coding
ENSG00000088899,RP5-1187M17.10,0.901,3.49,2.46083324052609e-12,2.62541135849275e-10,2.3619147817,protein_coding
ENSG00000090104,RGS1,1.7835,32.04,1.9300801632825e-11,1.07757775716465e-09,11.8699479073,protein_coding
ENSG00000090339,ICAM1,1.353,8.839,4.07895522209628e-10,1.1378458671788e-08,4.1814704632,protein_coding
ENSG00000090520,DNAJB11,8.115,18.429,1.87882540503321e-12,2.30443807256714e-10,2.1315414152,protein_coding
ENSG00000092820,EZR,179.18,479.08,5.62888390337369e-13,1.26970151910065e-10,2.6644466644,protein_coding
ENSG00000095139,ARCN1,15.9165,33.957,6.24789970735056e-11,2.58130332225055e-09,2.0664440044,protein_coding
ENSG00000095370,SH2D3C,15.419,5.873,3.88921632923001e-09,7.37510479315347e-08,2.3889131384,protein_coding
ENSG00000095794,CREM,0.646,2.779,0.0005413708,0.0024101249,2.2958687728,protein_coding
ENSG00000099326,MZF1,7.3285,3.153,1.04752681879419e-08,1.69421773245697e-07,2.0054177703,protein_coding
ENSG00000099725,PRKY,5.6785,2.07,0.0014882424,0.0058705554,2.1754071661,processed_transcript
ENSG00000099795,NDUFB7,14.003,6.073,7.00789986007379e-09,1.21489868201429e-07,2.1211649936,protein_coding
ENSG00000099860,GADD45B,5.36,58.409,4.93547234235818e-14,5.48425576964212e-11,9.3410377358,protein_coding
ENSG00000099904,ZDHHC8,8.5595,3.632,1.85742973416981e-08,2.76305233742629e-07,2.0637953368,protein_coding
ENSG00000100219,XBP1,11.108,31.73,1.19789315606201e-10,4.25485144635997e-09,2.7031714569,protein_coding
ENSG00000100221,JOSD1,11.311,30.131,1.08994677562662e-12,1.73899678847843e-10,2.5287141581,protein_coding
ENSG00000100644,HIF1A,11.0575,27.27,0.0001641043,0.0008404135,2.3445987974,protein_coding
ENSG00000100721,TCL1A,117.822,31.836,6.91019306678725e-11,2.78172479670085e-09,3.6186502619,protein_coding
ENSG00000100906,NFKBIA,53.887,148.34,3.71598266258423e-09,7.10071097973556e-08,2.7208628637,protein_coding
ENSG00000101216,GMEB2,6.346,14.093,4.09519592680378e-12,3.65300783934368e-10,2.0545875306,protein_coding
ENSG00000101335,MYL9,11.632,2.591,2.19546709077588e-05,0.0001393658,3.5176830966,protein_coding
ENSG00000101347,SAMHD1,4.31,1.511,3.19375322178468e-08,4.43879674935647e-07,2.1146953405,protein_coding
ENSG00000101361,NOP56,17.459,41.755,1.28411695707443e-12,1.89474836271483e-10,2.3162143128,protein_coding
ENSG00000101413,RPRD1B,5.713,13.125,2.74143994870911e-12,2.81672189913308e-10,2.1041263221,protein_coding
ENSG00000101544,ADNP2,5.5785,13.91,1.62910080853326e-08,2.4554753315715e-07,2.2664741202,protein_coding
ENSG00000101654,RNMT,12.076,28.504,3.22550306611906e-13,1.03768663805006e-10,2.2563475069,protein_coding
ENSG00000102100,SLC35A2,3.4425,9.461,7.64098718717713e-11,3.00502110330176e-09,2.3547552054,protein_coding
ENSG00000102393,GLA,3.3245,17.534,1.3558771503538e-12,1.94964285015224e-10,4.2858133888,protein_coding
ENSG00000102760,C13orf15,14.7525,123.471,3.39790954168658e-12,3.2058786442706e-10,7.9016664022,protein_coding
ENSG00000102879,CORO1A,164.2425,80.295,6.69984791719811e-09,1.17080289805035e-07,2.0326280829,protein_coding
ENSG00000103051,COG4,14.438,6.416,5.10424164108447e-11,2.21856456446206e-09,2.0817152104,protein_coding
ENSG00000103490,PYCARD,4.748,1.553,1.81726666451421e-08,2.7089213564572e-07,2.2514688602,protein_coding
ENSG00000104549,SQLE,1.415,4.221,8.38375836162364e-09,1.40381455603825e-07,2.1619047619,protein_coding
ENSG00000104783,KCNN4,154.0345,60.172,5.34673674464543e-09,9.67069449265385e-08,2.5344029948,protein_coding
ENSG00000104812,GYS1,8.615,3.352,1.03351513853223e-11,6.89871354970267e-10,2.2093290441,protein_coding
ENSG00000104915,STX10,17.097,7.927,7.41793274492949e-13,1.37377734143316e-10,2.0272207909,protein_coding
ENSG00000104921,FCER2,317.1315,148.449,2.13547475831148e-07,2.32497222715582e-06,2.1286960769,protein_coding
ENSG00000104972,LILRB1,17.132,7.962,1.49208309433591e-08,2.29029211457137e-07,2.0232091051,protein_coding
ENSG00000105205,CLC,1.991,0.03,7.52913646521593e-12,5.65855114611641e-10,2.9038834951,protein_coding
ENSG00000105379,ETFB,8.749,3.746,1.16500388530743e-09,2.70084096245903e-08,2.0541508639,protein_coding
ENSG00000105492,SIGLEC6,1.7435,0.371,5.47177660167259e-06,4.06080723462097e-05,2.0010940919,protein_coding
ENSG00000105835,NAMPT,2.668,11.099,6.24789970735056e-11,2.58130332225055e-09,3.2985278081,protein_coding
ENSG00000106105,GARS,7.7675,17.24,8.5244349210645e-14,6.82807237177267e-11,2.0804106074,protein_coding
ENSG00000106133,NSUN5P2,16.096,5.46,1.15104809077019e-12,1.79304308960488e-10,2.6464396285,processed_transcript
ENSG00000106367,AP1S1,4.988,1.318,1.61769465207481e-09,3.54907196194992e-08,2.5832614323,protein_coding
ENSG00000106462,EZH2,2.836,6.968,1.59358080610277e-08,2.41678721247016e-07,2.0771637122,protein_coding
ENSG00000106615,RHEB,2.492,6.675,1.78565250243936e-11,1.02613579894938e-09,2.1978808706,protein_coding
ENSG00000107372,ZFAND5,11.9155,27.237,3.69396445049414e-14,5.48425576964212e-11,2.1862877937,protein_coding
ENSG00000108106,UBE2S,1.575,7.841,1.21570081917652e-12,1.84257256121435e-10,3.4333980583,protein_coding
ENSG00000108379,WNT3,18.186,8.119,0.0009899666,0.0040982176,2.1039587674,protein_coding
ENSG00000108406,DHX40,7.788,17.094,3.0493594324429e-13,1.03768663805006e-10,2.0589440146,protein_coding
ENSG00000108588,CCDC47,7.0925,16.483,1.69479433793655e-09,3.68364588817934e-08,2.1603954279,protein_coding
ENSG00000108797,CNTNAP1,11.7255,4.681,0.0001367559,0.0007141476,2.2400105615,protein_coding
ENSG00000108828,VAT1,22.3965,10.143,7.60826662266959e-10,1.89718460402261e-08,2.0996589787,protein_coding
ENSG00000110048,OSBP,7.7115,16.848,5.22812034341543e-14,5.48425576964212e-11,2.0487860874,protein_coding
ENSG00000110108,TMEM109,22.476,10.327,7.25445483394511e-10,1.82402368851705e-08,2.0725699656,protein_coding
ENSG00000110665,C11orf21,11.586,4.511,3.16525336149331e-09,6.21475883868189e-08,2.2837960443,protein_coding
ENSG00000110713,NUP98,8.736,20.054,1.83199476026809e-14,5.48425576964212e-11,2.1624897288,protein_coding
ENSG00000110848,CD69,27.6005,200.94,4.85199093882718e-11,2.13972800402279e-09,7.0607157218,protein_coding
ENSG00000110934,BIN2,45.9005,21.935,2.23992675534515e-09,4.6619757946038e-08,2.0449313277,protein_coding
ENSG00000111252,SH2B3,10.494,30.003,4.74760296447269e-07,4.73180977025364e-06,2.697320341,protein_coding
ENSG00000111405,ENDOU,2.619,7.282,3.7023768463809e-10,1.05009148447923e-08,2.28847748,protein_coding
ENSG00000111540,RAB5B,31.8245,14.83,1.36628654438312e-08,2.12629358842558e-07,2.0735628553,protein_coding
ENSG00000111666,CHPT1,17.624,44.658,2.61276626289625e-07,2.78763708790429e-06,2.4515678694,protein_coding
ENSG00000111679,PTPN6,72.4695,20.392,2.20982224219466e-12,2.4995191119279e-10,3.4344381077,protein_coding
ENSG00000111801,BTN3A3,10.9235,4.312,1.32295445956233e-10,4.61962985617098e-09,2.2446347892,protein_coding
ENSG00000111843,TMEM14C,9.4195,3.861,3.04941078635011e-10,8.95185669060997e-09,2.143488994,protein_coding
ENSG00000111913,FAM65B,69.794,32.393,6.59352916097427e-10,1.69053369629375e-08,2.120025155,protein_coding
ENSG00000112137,PHACTR1,1.4125,5.671,5.94045438210236e-11,2.47775657856679e-09,2.7651813472,protein_coding
ENSG00000112149,CD83,45.721,276.658,7.84063079151858e-13,1.41814247896918e-10,5.9428950579,protein_coding
ENSG00000112195,TREML2,16.1705,4.422,1.45412547807376e-06,1.25628375278268e-05,3.1668203615,protein_coding
ENSG00000112245,PTP4A1,16.2585,35.136,1.03351513853223e-11,6.89871354970267e-10,2.0938088478,protein_coding
ENSG00000112367,FIG4,16.455,6.08,7.94807669729253e-12,5.83091705218756e-10,2.4653954802,protein_coding
ENSG00000112679,DUSP22,28.6555,13.725,5.44522572610344e-08,7.05578291594037e-07,2.0139558574,protein_coding
ENSG00000112799,LY86,10.415,4.442,1.82252131964788e-06,1.53337919131532e-05,2.0975744212,protein_coding
ENSG00000112972,HMGCS1,4.2245,18.941,1.19757890261361e-10,4.25485144635997e-09,3.8168245765,protein_coding
ENSG00000113161,HMGCR,2.8035,7.785,1.34144628712956e-09,3.04689961363126e-08,2.3097147364,protein_coding
ENSG00000113811,RP11-884K10.5,5.9135,18.618,2.45595845995222e-14,5.48425576964212e-11,2.8376365083,protein_coding
ENSG00000113916,BCL6,4.52,10.338,4.11932306471079e-05,0.0002458388,2.0539855072,protein_coding
ENSG00000114013,CD86,4.3215,1.371,1.27272265493635e-05,8.53024103203499e-05,2.2444116407,protein_coding
ENSG00000114735,HEMK1,4.5145,1.517,6.43453279347011e-12,5.05173169579734e-10,2.1909018673,protein_coding
ENSG00000115165,CYTIP,19.5825,58.448,3.39790954168658e-12,3.2058786442706e-10,2.8882788777,protein_coding
ENSG00000115520,COQ10B,7.4125,16.939,8.03420304543338e-11,3.10980705453861e-09,2.1324219911,protein_coding
ENSG00000115541,HSPE1,6.7785,16.125,7.00789986007379e-09,1.21489868201429e-07,2.2015812817,protein_coding
ENSG00000115816,CEBPZ,10.1895,24.005,1.23549877518478e-13,7.6984883714535e-11,2.2346843022,protein_coding
ENSG00000116044,NFE2L2,6.21,16.258,7.02103967520596e-13,1.35770210595141e-10,2.3936199723,protein_coding
ENSG00000116205,TCEANC2,2.854,0.91,3.05148014024056e-12,3.00261404725838e-10,2.0178010471,protein_coding
ENSG00000116679,IVNS1ABP,6.794,17.272,1.81498533061885e-07,2.01666473951867e-06,2.3443674622,protein_coding
ENSG00000116717,GADD45A,0.961,4.062,4.05329993744122e-07,4.11645682601434e-06,2.581336053,protein_coding
ENSG00000116741,RGS2,11.6525,103.576,1.65229644929676e-11,9.62180761698047e-10,8.2652440229,protein_coding
ENSG00000116752,BCAS2,10.6005,34.034,5.22905174847988e-14,5.48425576964212e-11,3.0200422396,protein_coding
ENSG00000116883,AL591845.1,14.4005,6.338,2.19655628409522e-06,1.80853026210307e-05,2.0987326247,protein_coding
ENSG00000117009,KMO,9.1515,3.927,6.4354909625689e-12,5.05173169579734e-10,2.0603815709,protein_coding
ENSG00000117036,ETV3,3.5255,9.297,2.45595845995222e-14,5.48425576964212e-11,2.275328693,protein_coding
ENSG00000117289,TXNIP,642.1765,161.199,2.76820142468936e-11,1.41102776256666e-09,3.965354287,protein_coding
ENSG00000117318,ID3,16.2615,61.982,9.30609911406577e-12,6.51078581333275e-10,3.6486979695,protein_coding
ENSG00000117479,SLC19A2,0.918,3.13,3.87440792792582e-08,5.22925160808667e-07,2.1532846715,protein_coding
ENSG00000117676,RPS6KA1,9.581,3.971,1.98304804562609e-12,2.37331703707276e-10,2.1285455643,protein_coding
ENSG00000117984,CTSD,7.7875,3.219,9.01094413991642e-08,1.08975695856599e-06,2.0828395354,protein_coding
ENSG00000118503,TNFAIP3,12.8575,36.138,1.49208309433591e-08,2.29029211457137e-07,2.6799927837,protein_coding
ENSG00000118515,SGK1,0.156,1.68,2.13455566155756e-07,2.32497222715582e-06,2.3183391003,protein_coding
ENSG00000119508,NR4A3,0.1205,6.511,4.07643154822913e-10,1.1378458671788e-08,6.7032574743,protein_coding
ENSG00000119725,ZNF410,7.811,19.647,5.22905174847988e-14,5.48425576964212e-11,2.3433208489,protein_coding
ENSG00000119801,YPEL5,47.4325,156.798,4.03291415173011e-13,1.13062748243754e-10,3.2581014814,protein_coding
ENSG00000120055,C10orf95,6.6895,2.675,1.19789315606201e-10,4.25485144635997e-09,2.0923809524,protein_coding
ENSG00000120129,DUSP1,33.031,189.748,1.54383875954025e-09,3.41953315311486e-08,5.6051247392,protein_coding
ENSG00000120690,ELF1,42.4545,100.695,1.0318667685856e-12,1.69454974059481e-10,2.3402639543,protein_coding
ENSG00000120694,HSPH1,9.4615,20.844,1.24952272573262e-06,1.09960801484932e-05,2.0880370884,protein_coding
ENSG00000120705,ETF1,11.198,36.886,3.10240962840646e-14,5.48425576964212e-11,3.1059190031,protein_coding
ENSG00000120709,FAM53C,6.4735,21.912,9.83680204913691e-14,7.57028712993283e-11,3.0657657055,protein_coding
ENSG00000120738,EGR1,0.755,39.744,1.27961880062746e-09,2.92577164005572e-08,23.215954416,protein_coding
ENSG00000120875,DUSP4,0.1485,3.89,3.19064080933198e-08,4.43761378899614e-07,4.2577274706,protein_coding
ENSG00000120925,RNF170,3.842,1.227,5.32536214289119e-13,1.2591273418454e-10,2.1742254154,protein_coding
ENSG00000121454,LHX4,2.2345,0.584,4.2632596528426e-13,1.16219689450494e-10,2.0419823232,protein_coding
ENSG00000121691,CAT,16.4215,7.451,2.34630610995275e-09,4.839210116108e-08,2.0614720151,protein_coding
ENSG00000121749,TBC1D15,7.116,18.195,7.15058540659286e-12,5.45119530005924e-10,2.3650813208,protein_coding
ENSG00000121851,POLR3GL,17.0975,7.825,5.03792510163941e-13,1.2591273418454e-10,2.0507082153,protein_coding
ENSG00000122068,FYTTD1,10.0875,27.402,9.58459994148074e-09,1.57597806075902e-07,2.5616234498,protein_coding
ENSG00000122224,LY9,7.091,23.895,5.2265003151812e-09,9.51019521884779e-08,3.0768755407,protein_coding
ENSG00000122644,ARL4A,1.512,6.01,7.27513908277528e-06,5.22908826485754e-05,2.7906050955,protein_coding
ENSG00000122877,EGR2,0.56,4.837,1.14461770168816e-08,1.82808850318987e-07,3.7416666667,protein_coding
ENSG00000122958,VPS26A,8.3385,18.15,4.16620787160447e-11,1.90804542301755e-09,2.0506505327,protein_coding
ENSG00000123146,CD97,20.45,43.311,1.69074377210044e-06,1.4385432974457e-05,2.0657808858,protein_coding
ENSG00000123358,NR4A1,1.136,18.886,3.87403471119803e-08,5.22925160808667e-07,9.3099250936,protein_coding
ENSG00000123505,AMD1,22.4105,46.262,4.26396475855974e-13,1.16219689450494e-10,2.018837701,protein_coding
ENSG00000123562,MORF4L2,15.2315,43.835,3.90170492750767e-15,5.48425576964212e-11,2.7622216061,protein_coding
ENSG00000123689,G0S2,0.1525,1.467,0.000540683,0.0024101249,2.1405639913,protein_coding
ENSG00000123975,CKS2,1.2645,15.32,1.87882540503321e-12,2.30443807256714e-10,7.206888938,protein_coding
ENSG00000124216,SNAI1,0.116,2.774,2.17412908643872e-13,9.18797434812743e-11,3.3817204301,protein_coding
ENSG00000124486,USP9X,10.7205,24.187,1.15104809077019e-12,1.79304308960488e-10,2.1489697539,protein_coding
ENSG00000124491,F13A1,1.7325,0.183,1.39983136848452e-06,1.21499715635079e-05,2.309805579,protein_coding
ENSG00000124762,CDKN1A,2.9325,37.67,3.22496421444522e-13,1.03768663805006e-10,9.833439288,protein_coding
ENSG00000124772,CPNE5,15.1055,3.607,1.9637417020521e-10,6.29696879606558e-09,3.4958758411,protein_coding
ENSG00000125538,IL1B,0.353,4.305,0.0001246602,0.0006586404,3.9209164819,protein_coding
ENSG00000125648,SLC25A23,3.4335,1.013,6.24627593549134e-07,5.99901194177529e-06,2.2024341778,protein_coding
ENSG00000125657,TNFSF9,3.604,14.714,9.24671430327446e-13,1.57793169430095e-10,3.4131190269,protein_coding
ENSG00000125740,FOSB,0.5675,177.714,9.24671430327446e-13,1.57793169430095e-10,114.0121212121,protein_coding
ENSG00000125846,ZNF133,2.5885,0.769,6.28673132613168e-13,1.31270290094749e-10,2.0285472018,protein_coding
ENSG00000125968,ID1,0.067,1.244,3.66609766088323e-14,5.48425576964212e-11,2.1030927835,protein_coding
ENSG00000126432,PRDX5,23.341,10.981,1.03351513853223e-11,6.89871354970267e-10,2.0316334196,protein_coding
ENSG00000126882,FAM78A,11.088,3.916,1.83798676715354e-13,8.87513682541473e-11,2.4589096827,protein_coding
ENSG00000127920,GNG11,1.24,0.079,1.84532126938057e-06,1.55189660385511e-05,2.0759962929,protein_coding
ENSG00000127951,FGL2,4.0755,1.229,0.0001102775,0.0005897132,2.2770300583,protein_coding
ENSG00000128000,ZNF780B,3.711,1.355,1.45083933970925e-11,8.82852608437958e-10,2.0004246285,protein_coding
ENSG00000128016,ZFP36,75.6835,188.112,1.54383875954025e-09,3.41953315311486e-08,2.466136783,protein_coding
ENSG00000128340,RAC2,94.457,30.551,6.91019306678725e-11,2.78172479670085e-09,3.0254825521,protein_coding
ENSG00000129277,CCL4,1.3575,4.535,0.0010444063,0.0042951984,2.347826087,protein_coding
ENSG00000130066,SAT1,42.4695,108.868,2.62963676121005e-11,1.35803438474649e-09,2.5274732859,protein_coding
ENSG00000130340,SNX9,12.897,29.831,6.7528272803166e-10,1.72553201774184e-08,2.2185363748,protein_coding
ENSG00000130429,ARPC1B,22.8065,10.375,6.57089036822145e-11,2.67809840147792e-09,2.0928791209,protein_coding
ENSG00000130517,PGPEP1,6.075,2.212,2.31638281223189e-14,5.48425576964212e-11,2.2026774595,protein_coding
ENSG00000130522,JUND,44.184,212.945,4.03291415173011e-13,1.13062748243754e-10,4.7349725567,protein_coding
ENSG00000130592,LSP1,36.59,16.492,1.83275237840878e-11,1.0380043015897e-09,2.148982392,protein_coding
ENSG00000130766,SESN2,0.5975,2.484,3.71139345138034e-08,5.04839309850179e-07,2.1809076682,protein_coding
ENSG00000130844,ZNF331,5.1635,42.235,4.68094404114481e-12,4.03785434441523e-10,7.0146832157,protein_coding
ENSG00000131013,PPIL4,11.3775,26.299,8.75251604834011e-13,1.53360492134509e-10,2.2055342355,protein_coding
ENSG00000131401,NAPSB,89.5445,39.579,4.07119684007865e-09,7.6638083825538e-08,2.2313142266,lincRNA
ENSG00000131669,NINJ1,0.6925,2.949,2.72015815851594e-07,2.88627973948614e-06,2.3332348597,protein_coding
ENSG00000132002,DNAJB1,8.633,43.71,4.68094404114481e-12,4.03785434441523e-10,4.6413370705,protein_coding
ENSG00000132185,FCRLA,66.126,12.833,1.35609187008984e-12,1.94964285015224e-10,4.8525988578,protein_coding
ENSG00000132465,IGJ,6.7655,2.691,0.0007973237,0.0033882804,2.1039013817,protein_coding
ENSG00000132510,KDM6B,7.893,30.943,1.60615627807524e-07,1.81097465550632e-06,3.5919262341,protein_coding
ENSG00000132530,XAF1,12.584,5.45,2.99459499375425e-08,4.19617489860267e-07,2.1060465116,protein_coding
ENSG00000132589,FLOT2,65.936,27.073,1.83798676715354e-13,8.87513682541473e-11,2.3843550743,protein_coding
ENSG00000132646,PCNA,7.7705,25.143,7.58696335806709e-07,7.10354782540017e-06,2.9807878684,protein_coding
ENSG00000132661,NXT1,4.3905,10.574,1.16711264435678e-13,7.6984883714535e-11,2.1471106576,protein_coding
ENSG00000132704,FCRL2,124.8285,40.824,9.98224820787391e-06,6.88685638795646e-05,3.0085238141,protein_coding
ENSG00000132819,RBM38,62.556,126.98,1.16500388530743e-09,2.70084096245903e-08,2.0136572472,protein_coding
ENSG00000132965,ALOX5AP,17.5655,8.142,5.44522572610344e-08,7.05578291594037e-07,2.0307919492,protein_coding
ENSG00000133460,SLC2A11,6.285,2.562,1.03336422887919e-11,6.89871354970267e-10,2.0451993262,protein_coding
ENSG00000134107,BHLHE40,6.255,25.913,9.30473435831688e-12,6.51078581333275e-10,3.7095796003,protein_coding
ENSG00000134108,ARL8B,11.2525,23.799,2.50905622192671e-10,7.67559997306325e-09,2.023995103,protein_coding
ENSG00000134184,GSTM1,1.8245,0.016,0.0001111376,0.0005941212,2.780019685,protein_coding
ENSG00000134294,SLC38A2,32.946,91.8,2.46159489394719e-12,2.62541135849275e-10,2.7337536087,protein_coding
ENSG00000134352,IL6ST,4.8155,13.86,3.22550306611906e-13,1.03768663805006e-10,2.5552403061,protein_coding
ENSG00000135048,TMEM2,11.6475,24.307,6.69984791719811e-09,1.17080289805035e-07,2.0009488041,protein_coding
ENSG00000135334,AKIRIN2,16.274,34.795,2.14015758007873e-11,1.15067184740425e-09,2.0721894176,protein_coding
ENSG00000136826,KLF4,0.75,12.688,1.13228077598343e-07,1.33176170741905e-06,7.8217142857,protein_coding
ENSG00000137101,CD72,21.2785,9.722,3.12944781067695e-07,3.27453204802079e-06,2.0778306286,protein_coding
ENSG00000137193,PIM1,38.4625,81.629,4.38740055057978e-07,4.41428054882609e-06,2.0938612607,protein_coding
ENSG00000137267,TUBB2A,0.944,3.785,1.40569079310448e-09,3.16571285218921e-08,2.4614197531,protein_coding
ENSG00000137331,IER3,0.4485,3.181,5.77635552396897e-07,5.60436282559764e-06,2.8864342423,protein_coding
ENSG00000137575,SDCBP,8.472,18.653,6.28661712709774e-10,1.62866954205584e-08,2.0748521959,protein_coding
ENSG00000137947,GTF2B,9.466,25.299,1.1673148671233e-13,7.6984883714535e-11,2.5128033633,protein_coding
ENSG00000138166,DUSP5,5.8555,20.045,4.7947628240965e-08,6.32145267326044e-07,3.0697979724,protein_coding
ENSG00000138185,ENTPD1,13.379,6.023,3.76270758282391e-11,1.77503016728673e-09,2.0474156343,protein_coding
ENSG00000138380,ALS2CR8,6.111,2.261,1.16711264435678e-13,7.6984883714535e-11,2.1806194419,protein_coding
ENSG00000138670,RASGEF1B,2.0215,12.961,1.32278171306339e-10,4.61962985617098e-09,4.6205527056,protein_coding
ENSG00000138757,G3BP2,21.8965,47.179,6.64501494179304e-13,1.35770210595141e-10,2.1042080667,protein_coding
ENSG00000139112,GABARAPL1,1.835,5.918,7.00789986007379e-09,1.21489868201429e-07,2.4402116402,protein_coding
ENSG00000139193,CD27,51.47,19.953,2.63075203330829e-08,3.74925150890766e-07,2.504176013,protein_coding
ENSG00000139496,NUPL1,3.68,8.509,3.95888539045393e-11,1.84784446382445e-09,2.0318376068,protein_coding
ENSG00000139505,MTMR6,4.3785,12.853,4.85199093882718e-11,2.13972800402279e-09,2.5756251743,protein_coding
ENSG00000139508,SLC46A3,7.203,2.864,7.21739337312473e-13,1.37377734143316e-10,2.1229296066,protein_coding
ENSG00000139626,ITGB7,59.23,24.651,1.08906814528695e-11,7.0652620883252e-10,2.348056606,protein_coding
ENSG00000139899,CBLN3,6.5835,2.253,5.68046774557998e-08,7.32673935413304e-07,2.3312327083,protein_coding
ENSG00000140259,MFAP1,3.918,13.036,3.60708868373599e-13,1.08903556729195e-10,2.8540056934,protein_coding
ENSG00000140379,BCL2A1,2.706,8.855,5.51241492979651e-05,0.0003193929,2.6592012952,protein_coding
ENSG00000140678,ITGAX,37.701,14.426,6.89293189679481e-05,0.0003889873,2.5088162842,protein_coding
ENSG00000140941,MAP1LC3B,15.2565,40.411,3.41105946380648e-13,1.07104538315952e-10,2.5473502907,protein_coding
ENSG00000140995,DEF8,41.5645,19.652,0.0004320177,0.0019748736,2.0610352508,protein_coding
ENSG00000141232,TOB1,2.9105,19.157,3.06710647638126e-11,1.51613176437642e-09,5.1545838128,protein_coding
ENSG00000141295,SCRN2,9.2385,3.777,5.78889899568487e-12,4.73351034753407e-10,2.1432907683,protein_coding
ENSG00000141543,EIF4A3,11.2415,39.07,1.08890946967581e-11,7.0652620883252e-10,3.2732916718,protein_coding
ENSG00000141682,PMAIP1,97.436,197.803,3.71211049511483e-08,5.04839309850179e-07,2.0196168069,protein_coding
ENSG00000141720,PIP4K2B,10.4745,4.733,1.83798676715354e-13,8.87513682541473e-11,2.0014826443,protein_coding
ENSG00000141753,IGFBP4,36.06,13.801,2.77471141661038e-05,0.0001722085,2.5038848726,protein_coding
ENSG00000142178,SIK1,10.874,54.327,2.24018098515192e-09,4.6619757946038e-08,4.6595081691,protein_coding
ENSG00000142539,SPIB,33.1995,14.411,4.11954880372255e-05,0.0002458388,2.2191616378,protein_coding
ENSG00000143224,PPOX,8.3,3.517,1.08994677562662e-12,1.73899678847843e-10,2.0588886429,protein_coding
ENSG00000143297,FCRL5,114.099,54.608,0.0001326381,0.0006951414,2.0698280823,protein_coding
ENSG00000143314,MRPL24,4.544,1.723,3.98916333249918e-12,3.56653010563235e-10,2.0359897172,protein_coding
ENSG00000143333,RGS16,0.039,1.1,2.4190165348502e-09,4.97870896572289e-08,2.021174206,protein_coding
ENSG00000143458,GABPB2,6.2835,2.572,1.98335750760494e-12,2.37331703707276e-10,2.0390537514,protein_coding
ENSG00000143507,DUSP10,2.0225,24.026,4.39609739150783e-14,5.48425576964212e-11,8.2799007444,protein_coding
ENSG00000143622,RIT1,7.8225,17.926,2.72631571599559e-13,9.81698766395514e-11,2.1451969396,protein_coding
ENSG00000144026,ZNF514,6.9775,2.711,1.74023540277005e-11,1.00150292262935e-09,2.1496901105,protein_coding
ENSG00000144136,SLC20A1,7.8965,20.242,1.68545141138408e-12,2.1980953841668e-10,2.3876805485,protein_coding
ENSG00000144579,CTDSP1,13.7585,5.882,7.08430704116055e-11,2.83764622352599e-09,2.1445074106,protein_coding
ENSG00000144655,CSRNP1,14.577,62.266,5.86865250898033e-14,5.48425576964212e-11,4.0615009309,protein_coding
ENSG00000144747,TMF1,12.243,26.158,8.37763641277345e-12,6.03328168009074e-10,2.0507437892,protein_coding
ENSG00000144791,LIMD1,15.403,6.09,1.3845328191452e-13,8.23356494221665e-11,2.3135401975,protein_coding
ENSG00000145088,EAF2,10.531,3.546,2.72015815851594e-07,2.88627973948614e-06,2.5365156181,protein_coding
ENSG00000145287,PLAC8,14.3925,4.369,2.63075203330829e-08,3.74925150890766e-07,2.8669212144,protein_coding
ENSG00000145416,MARCH1,27.0935,11.758,3.98916333249918e-12,3.56653010563235e-10,2.2020300988,protein_coding
ENSG00000145439,CBR4,7.0435,2.706,4.39530971338323e-14,5.48425576964212e-11,2.1703993524,protein_coding
ENSG00000145632,PLK2,0.2305,4.609,1.16650617135512e-13,7.6984883714535e-11,4.5583096302,protein_coding
ENSG00000146192,FGD2,14.2305,5.428,8.44718348574794e-11,3.21886897701088e-09,2.3693995022,protein_coding
ENSG00000146215,CRIP3,8.3155,1.97,1.25068949679259e-08,1.97082998196844e-07,3.1365319865,protein_coding
ENSG00000146834,MEPCE,11.0195,26.813,1.60601526117169e-07,1.81097465550632e-06,2.3139897666,protein_coding
ENSG00000147535,PPAPDC1B,48.703,17.464,1.03248765388193e-06,9.30732841690673e-06,2.6918869151,protein_coding
ENSG00000147955,SIGMAR1,4.5595,1.558,5.20454513638608e-12,4.35681363118577e-10,2.1733776388,protein_coding
ENSG00000148444,COMMD3,15.008,6.576,3.28842541246506e-14,5.48425576964212e-11,2.1129883844,protein_coding
ENSG00000148572,NRBF2,4.205,12.015,9.24671430327446e-13,1.57793169430095e-10,2.5004803074,protein_coding
ENSG00000149476,DAK,11.898,4.92,1.20891492036448e-11,7.64180126303139e-10,2.1787162162,protein_coding
ENSG00000149591,TAGLN,33.488,13.958,8.677956371645e-06,6.09304310609472e-05,2.3056558363,protein_coding
ENSG00000150625,GPM6A,7.0445,2.849,0.0002643042,0.0012777598,2.0900233827,protein_coding
ENSG00000151014,CCRN4L,1.2345,4.177,1.22951191324599e-05,8.2759583404205e-05,2.316849407,protein_coding
ENSG00000151702,FLI1,12.396,5.654,5.36930722658856e-11,2.29314406241974e-09,2.0132251277,protein_coding
ENSG00000151929,BAG3,2.545,6.986,1.41378198542834e-11,8.67023892907452e-10,2.2527503526,protein_coding
ENSG00000152409,JMY,5.5655,15.384,3.06625127205918e-11,1.51613176437642e-09,2.4954687381,protein_coding
ENSG00000153201,RANBP2,8.5785,21.065,9.80741114557683e-12,6.72956433658645e-10,2.3035965965,protein_coding
ENSG00000153234,NR4A2,1.738,81.621,5.78803337911631e-12,4.73351034753407e-10,30.1756756757,protein_coding
ENSG00000153922,CHD1,13.156,29.576,4.61194923532317e-11,2.06166737513894e-09,2.1599321842,protein_coding
ENSG00000153975,ZUFSP,4.2935,10.343,1.21589414597701e-12,1.84257256121435e-10,2.1428166619,protein_coding
ENSG00000154102,C16orf74,19.1205,6.702,2.11755799986951e-08,3.09196554824696e-07,2.6123734095,protein_coding
ENSG00000154146,NRGN,3.136,0.325,3.25644835552381e-07,3.39261427183889e-06,3.121509434,protein_coding
ENSG00000155090,KLF10,2.005,42.188,2.09326245667578e-12,2.45287320339137e-10,14.372046589,protein_coding
ENSG00000155252,PI4K2A,7.5735,27.228,3.78166233752148e-12,3.42786293499724e-10,3.2924709862,protein_coding
ENSG00000155304,HSPA13,4.898,15.97,2.14993185428792e-12,2.49730565747996e-10,2.8772465242,protein_coding
ENSG00000155366,RHOC,8.555,3.705,5.44517450462256e-10,1.43820763211259e-08,2.0308182784,protein_coding
ENSG00000155380,SLC16A1,0.9005,3.689,8.02991054154612e-11,3.10980705453861e-09,2.4672454617,protein_coding
ENSG00000156273,BACH1,12.8645,48.855,6.24789970735056e-11,2.58130332225055e-09,3.5958743554,protein_coding
ENSG00000156521,TYSND1,6.7585,2.873,9.80741114557683e-12,6.72956433658645e-10,2.0032274722,protein_coding
ENSG00000156675,RAB11FIP1,19.4435,61.177,2.43654114504257e-13,9.46849538631442e-11,3.0414068041,protein_coding
ENSG00000157379,DHRS1,6.092,2.305,1.0318667685856e-12,1.69454974059481e-10,2.1458396369,protein_coding
ENSG00000157637,SLC38A10,9.8835,3.865,5.79154599573104e-11,2.43897412860995e-09,2.2371017472,protein_coding
ENSG00000157978,LDLRAP1,5.652,2.168,6.57089036822145e-11,2.67809840147792e-09,2.0997474747,protein_coding
ENSG00000158050,DUSP2,9.8505,51.186,1.55913067941398e-08,2.37095389524678e-07,4.8095479471,protein_coding
ENSG00000158122,C9orf21,4.5245,12.038,1.9441487087624e-13,8.87513682541473e-11,2.3600325821,protein_coding
ENSG00000158480,SPATA2,2.0315,5.182,1.55330731764517e-12,2.08786845583066e-10,2.0392544945,protein_coding
ENSG00000158615,PPP1R15B,16.902,47.665,5.32536214289119e-13,1.2591273418454e-10,2.7184113507,protein_coding
ENSG00000159388,BTG2,90.985,188.812,2.34630610995275e-09,4.839210116108e-08,2.0635103549,protein_coding
ENSG00000160570,DEDD2,9.5685,23.797,1.56871374162925e-11,9.21713258161772e-10,2.346312154,protein_coding
ENSG00000160683,CXCR5,22.6515,55.678,2.20982224219466e-12,2.4995191119279e-10,2.3963807792,protein_coding
ENSG00000160789,LMNA,0.3095,3.467,1.54330280044822e-09,3.41953315311486e-08,3.4112256586,protein_coding
ENSG00000160828,STAG3L2,5.9885,2.206,2.74143994870911e-12,2.81672189913308e-10,2.1798190892,protein_coding
ENSG00000160856,FCRL3,74.7825,14.513,6.24677362634351e-07,5.99901194177529e-06,4.8850963708,protein_coding
ENSG00000160888,IER2,6.184,30.789,1.86950485852772e-10,6.05414160002923e-09,4.4249721604,protein_coding
ENSG00000161570,CCL5,9.128,1.958,0.0009381306,0.0039075336,3.4239350913,protein_coding
ENSG00000161835,GRASP,0.818,6.243,4.59518318360315e-08,6.0848969221741e-07,3.9840484048,protein_coding
ENSG00000161929,C17orf87,35.944,12.131,1.03351513853223e-11,6.89871354970267e-10,2.8134947833,protein_coding
ENSG00000162144,CYBASC3,36.9425,13.193,3.78166233752148e-12,3.42786293499724e-10,2.6733248785,protein_coding
ENSG00000162236,STX5,13.3945,31.256,1.07730357287848e-14,5.48425576964212e-11,2.2408558825,protein_coding
ENSG00000162241,SLC25A45,11.4635,4.429,1.83275237840878e-11,1.0380043015897e-09,2.2957266532,protein_coding
ENSG00000162664,ZNF326,7.926,17.795,2.46159489394719e-12,2.62541135849275e-10,2.1056464262,protein_coding
ENSG00000162739,SLAMF6,45.4335,21.645,2.14015758007873e-11,1.15067184740425e-09,2.0504967984,protein_coding
ENSG00000162772,ATF3,0.139,4.022,3.48036670933667e-14,5.48425576964212e-11,4.4091308165,protein_coding
ENSG00000162783,IER5,8.071,39.199,2.20982224219466e-12,2.4995191119279e-10,4.4315951935,protein_coding
ENSG00000162892,IL24,64.4125,30.866,2.24018098515192e-09,4.6619757946038e-08,2.0527364589,protein_coding
ENSG00000162894,FAIM3,361.6145,143.341,5.64782286407008e-11,2.3835634364719e-09,2.5122072038,protein_coding
ENSG00000162896,PIGR,15.3585,6.042,1.47988270999463e-07,1.68359178216172e-06,2.3229906277,protein_coding
ENSG00000162924,REL,17.0965,35.321,9.80741114557683e-12,6.72956433658645e-10,2.0070731909,protein_coding
ENSG00000163349,HIPK1,9.058,20.655,3.39752851673883e-11,1.62820020456022e-09,2.1530125273,protein_coding
ENSG00000163406,SLC15A2,7.1685,2.761,2.02728233117625e-08,2.97787440929404e-07,2.1718957724,protein_coding
ENSG00000163534,FCRL1,181.8985,67.441,1.03248765388193e-06,9.30732841690673e-06,2.6723528294,protein_coding
ENSG00000163568,AIM2,38.9935,9.756,1.32295445956233e-10,4.61962985617098e-09,3.7182502789,protein_coding
ENSG00000163602,RYBP,7.1365,17.271,2.25343275450027e-11,1.19520246191055e-09,2.2455601303,protein_coding
ENSG00000163659,TIPARP,5.1265,24.05,2.05772746085949e-13,8.87513682541473e-11,4.0887945809,protein_coding
ENSG00000163683,C4orf34,18.611,7.581,8.88089726390161e-11,3.33875801447198e-09,2.2853979723,protein_coding
ENSG00000163736,PPBP,5.9145,0.445,6.44680636784904e-08,8.1622807461841e-07,4.7851211073,protein_coding
ENSG00000163737,PF4,2.302,0.132,2.1250171716526e-07,2.32131363679913e-06,2.9169611307,protein_coding
ENSG00000163877,SNIP1,5.969,14.099,3.04986998054556e-13,1.03768663805006e-10,2.1665949204,protein_coding
ENSG00000163938,GNL3,11.718,25.357,3.69396445049414e-14,5.48425576964212e-11,2.0724170467,protein_coding
ENSG00000163950,SLBP,9.1155,21.85,2.11755799986951e-08,3.09196554824696e-07,2.2589095942,protein_coding
ENSG00000164088,PPM1M,22.9675,7.907,4.16620787160447e-11,1.90804542301755e-09,2.6908611205,protein_coding
ENSG00000164442,CITED2,4.8095,12.011,1.02450721064822e-08,1.66919400210594e-07,2.2396075394,protein_coding
ENSG00000164543,STK17A,11.482,28.288,1.69409788762959e-10,5.58753344467007e-09,2.3464188431,protein_coding
ENSG00000164691,TAGAP,51.0145,116.832,7.60826662266959e-10,1.89718460402261e-08,2.2653683108,protein_coding
ENSG00000164949,GEM,0.379,2.757,6.12411108790924e-07,5.89994556133423e-06,2.7244379985,protein_coding
ENSG00000165030,NFIL3,1.1695,3.563,9.81333378964869e-11,3.60013582853734e-09,2.1032495967,protein_coding
ENSG00000165506,C14orf104,1.632,4.541,1.53460750349424e-10,5.1663483403402e-09,2.1052431611,protein_coding
ENSG00000165732,DDX21,17.413,51.827,2.05772746085949e-13,8.87513682541473e-11,2.8690055939,protein_coding
ENSG00000166128,RAB8B,15.8665,33.444,2.63465071895141e-10,7.97896651760216e-09,2.0421545667,protein_coding
ENSG00000166295,ANAPC16,31.562,13.116,3.41049077246333e-13,1.07104538315952e-10,2.3067441201,protein_coding
ENSG00000166436,TRIM66,6.8475,2.816,7.32892962604889e-09,1.26066499554984e-07,2.0564727463,protein_coding
ENSG00000166579,NDEL1,6.9155,16.899,5.78803337911631e-12,4.73351034753407e-10,2.261259554,protein_coding
ENSG00000166707,ZCCHC18,9.564,3.809,2.22367317020427e-07,2.41149794824724e-06,2.1967144937,lincRNA
ENSG00000167106,FAM102A,19.267,61.471,2.90452966558009e-10,8.61026320576684e-09,3.0823999605,protein_coding
ENSG00000167470,MIDN,5.8235,17.318,2.49786870567682e-11,1.30892989090934e-09,2.6845460541,protein_coding
ENSG00000167524,AC005726.6,5.1075,1.99,6.28673132613168e-13,1.31270290094749e-10,2.0426421405,protein_coding
ENSG00000167552,TUBA1A,32.0675,96.456,3.20134050975076e-10,9.33502330365584e-09,2.9471837907,protein_coding
ENSG00000167604,NFKBID,18.8595,66.241,7.02217960987889e-13,1.35770210595141e-10,3.3858354943,protein_coding
ENSG00000167613,LAIR1,1.91,0.408,0.0006763475,0.0029303413,2.0667613636,protein_coding
ENSG00000167815,PRDX2,5.862,1.856,5.85263648276751e-09,1.04603884021923e-07,2.4026610644,protein_coding
ENSG00000167874,TMEM88,0.347,4.18,3.63039938992418e-09,6.97794053159325e-08,3.8455827765,protein_coding
ENSG00000167925,GHDC,8.482,3.271,4.43820305525027e-12,3.88828195793566e-10,2.2200889721,protein_coding
ENSG00000168175,MAPK1IP1L,11.912,29.143,4.6572817113301e-14,5.48425576964212e-11,2.3344950434,protein_coding
ENSG00000168282,MGAT2,5.0125,12.107,5.32536214289119e-13,1.2591273418454e-10,2.17995842,protein_coding
ENSG00000168374,ARF4,9.573,26.471,1.11138308546584e-09,2.60111357909652e-08,2.5982218859,protein_coding
ENSG00000168389,MFSD2A,0.7695,3.087,2.89238856518878e-12,2.91878700302308e-10,2.3096920034,protein_coding
ENSG00000168497,SDPR,1.4065,0.107,3.12486129076229e-08,4.34978952694164e-07,2.1738934056,protein_coding
ENSG00000168597,C17orf65,7.223,3.084,1.48884771378063e-11,8.93770549786304e-10,2.013467189,protein_coding
ENSG00000169189,NSMCE1,33.8705,11.021,5.64782286407008e-11,2.3835634364719e-09,2.9007986024,protein_coding
ENSG00000169220,RGS14,11.89,5.143,5.71265110387746e-10,1.49876900518774e-08,2.0983232948,protein_coding
ENSG00000169413,RNASE6,13.9665,4.169,9.79457901991159e-08,1.17203485351375e-06,2.89543432,protein_coding
ENSG00000169429,IL8,0.451,9.477,1.67240692041932e-07,1.87518682134882e-06,7.2205375603,protein_coding
ENSG00000169442,CD52,313.4165,113.81,7.15270600405235e-12,5.45119530005924e-10,2.738581134,protein_coding
ENSG00000169508,GPR183,11.8985,48.348,7.57963967260913e-05,0.0004228159,3.8258712253,protein_coding
ENSG00000169598,DFFB,3.6485,1.075,1.46516003156441e-13,8.58299493714503e-11,2.2402409639,protein_coding
ENSG00000169895,SYAP1,4.073,11.586,2.45676726812534e-09,5.036419880558e-08,2.4809777252,protein_coding
ENSG00000169964,TMEM42,4.5225,1.576,5.48828378551863e-12,4.55548043043242e-10,2.1438276398,protein_coding
ENSG00000170043,TRAPPC1,30.2725,11.932,3.76270758282391e-11,1.77503016728673e-09,2.4182261058,protein_coding
ENSG00000170340,B3GNT2,3.6655,8.829,3.23870867101589e-09,6.33118633077399e-08,2.106740971,protein_coding
ENSG00000170345,FOS,2.8065,187.873,7.64098718717713e-11,3.00502110330176e-09,49.6185472219,protein_coding
ENSG00000170476,RP11-1280I22.1,20.571,9.764,5.69218014005927e-05,0.0003288378,2.0039947975,protein_coding
ENSG00000170542,SERPINB9,22.924,56.743,8.64461128282257e-08,1.04979068143411e-06,2.4136014044,protein_coding
ENSG00000170836,PPM1D,3.176,8.315,1.91581145141078e-10,6.18878054785365e-09,2.2306034483,protein_coding
ENSG00000171097,CCBL1,3.851,1.407,1.55066273284112e-13,8.82208722191337e-11,2.0153718322,protein_coding
ENSG00000171223,JUNB,20.773,89.698,6.59432619691132e-10,1.69053369629375e-08,4.1656179672,protein_coding
ENSG00000171291,ZNF439,20.3515,8.33,4.39609739150783e-14,5.48425576964212e-11,2.2884780279,protein_coding
ENSG00000171522,PTGER4,3.6935,14.597,1.55913067941398e-08,2.37095389524678e-07,3.3231064238,protein_coding
ENSG00000171612,SLC25A33,2.021,6.893,1.52827000169645e-11,9.14376056350364e-10,2.6127110228,protein_coding
ENSG00000171617,ENC1,4.9505,13.032,1.15603302449577e-07,1.35482652070572e-06,2.3581211663,protein_coding
ENSG00000171700,RGS19,7.1335,2.574,6.59432619691132e-10,1.69053369629375e-08,2.2757414661,protein_coding
ENSG00000171867,PRNP,10.3515,21.853,3.95888539045393e-11,1.84784446382445e-09,2.0132141127,protein_coding
ENSG00000172007,RAB33B,2.794,7.095,2.33237886714255e-12,2.5642447662879e-10,2.1336320506,protein_coding
ENSG00000172071,EIF2AK3,5.897,17.54,7.01989991161147e-13,1.35770210595141e-10,2.6881252719,protein_coding
ENSG00000172115,CYCS,7.7315,22.426,6.28775625820094e-13,1.31270290094749e-10,2.6829296226,protein_coding
ENSG00000172269,DPAGT1,3.4765,1.138,2.74143994870911e-12,2.81672189913308e-10,2.0937792329,protein_coding
ENSG00000172602,RND1,0.328,3.822,3.58366163196014e-12,3.30277060361084e-10,3.6310240964,protein_coding
ENSG00000173276,ZNF295,5.652,20.507,1.21273991140363e-14,5.48425576964212e-11,3.2331629585,protein_coding
ENSG00000173566,NUDT18,4.029,1.1,1.4892760059116e-11,8.93770549786304e-10,2.3947619048,protein_coding
ENSG00000173846,PLK3,7.2565,18.403,7.02217960987889e-13,1.35770210595141e-10,2.3500272513,protein_coding
ENSG00000174004,LRRC33,6.4315,14.859,7.53748811993797e-06,5.39458189678055e-05,2.1340240867,protein_coding
ENSG00000174010,KLHL15,3.675,10.082,3.88645702760323e-10,1.0934734901534e-08,2.3704812834,protein_coding
ENSG00000174080,CTSF,6.298,2.463,3.17734067343963e-06,2.50786589512385e-05,2.107421311,protein_coding
ENSG00000174123,TLR10,4.108,1.306,2.16606713757209e-10,6.79670807106542e-09,2.2150910668,protein_coding
ENSG00000174255,ZNF80,6.397,2.174,1.30829805755101e-07,1.51160996352134e-06,2.3304977946,protein_coding
ENSG00000174469,CNTNAP2,13.0015,1.558,1.07026518555925e-05,7.32464485928769e-05,5.473612197,protein_coding
ENSG00000174574,AKIRIN1,18.5045,41.599,3.39790954168658e-12,3.2058786442706e-10,2.1840600887,protein_coding
ENSG00000174738,NR1D2,9.832,21.581,5.34673674464543e-09,9.67069449265385e-08,2.0846565731,protein_coding
ENSG00000175197,DDIT3,19.1395,85.714,1.59660329900401e-12,2.11706361089894e-10,4.3056679659,protein_coding
ENSG00000175463,TBC1D10C,30.4355,14.342,1.34144628712956e-09,3.04689961363126e-08,2.0489831834,protein_coding
ENSG00000175482,POLD4,18.5815,8.434,1.32295445956233e-10,4.61962985617098e-09,2.0756306975,protein_coding
ENSG00000175857,GAPT,3.99,1.43,1.20909031678323e-11,7.64180126303139e-10,2.0534979424,protein_coding
ENSG00000176018,LYSMD3,6.122,16.733,1.41337451280494e-11,8.67023892907452e-10,2.4898904802,protein_coding
ENSG00000176095,IP6K1,7.3795,16.321,7.02217960987889e-13,1.35770210595141e-10,2.0670684408,protein_coding
ENSG00000176845,METRNL,0.565,2.88,0.000154426,0.0007951851,2.4792332268,protein_coding
ENSG00000177042,TMEM80,9.7555,2.803,3.22550306611906e-13,1.03768663805006e-10,2.8281619774,protein_coding
ENSG00000177236,AP006621.1,2.5015,0.691,2.41218800815816e-08,3.47595969565959e-07,2.0706682436,pseudogene
ENSG00000177383,MAGEF1,9.806,3.529,1.03351513853223e-11,6.89871354970267e-10,2.3859571649,protein_coding
ENSG00000177409,SAMD9L,13.0215,4.795,1.36628654438312e-08,2.12629358842558e-07,2.4195858499,protein_coding
ENSG00000177606,JUN,24.1675,118.978,2.27516309854255e-10,7.07029900670597e-09,4.7671798947,protein_coding
ENSG00000177732,SOX12,6.382,2.638,1.06017130843809e-09,2.5006408464475e-08,2.0291368884,protein_coding
ENSG00000178685,PARP10,8.811,2.93,1.2738673887898e-11,7.97416605145312e-10,2.496437659,protein_coding
ENSG00000178802,MPI,6.9475,2.365,4.50800031156095e-13,1.21188016594833e-10,2.3618127786,protein_coding
ENSG00000178927,C17orf62,28.782,13.862,6.91019306678725e-11,2.78172479670085e-09,2.0039025703,protein_coding
ENSG00000179094,PER1,15.515,65.874,4.50800031156095e-13,1.21188016594833e-10,4.0492885256,protein_coding
ENSG00000179119,SPTY2D1,3.9495,10.785,1.21589414597701e-12,1.84257256121435e-10,2.3810485908,protein_coding
ENSG00000179218,CALR,101.183,222.882,6.4354909625689e-12,5.05173169579734e-10,2.1909906736,protein_coding
ENSG00000179583,CIITA,58.851,20.641,1.08906814528695e-11,7.0652620883252e-10,2.7656300541,protein_coding
ENSG00000179820,MYADM,0.6975,4.324,1.69036981653362e-06,1.4385432974457e-05,3.136377025,protein_coding
ENSG00000180626,ZNF594,5.09,1.62,3.52769653350581e-10,1.01064643243482e-08,2.3244274809,protein_coding
ENSG00000181800,C10orf31,8.785,3.426,2.19655628409522e-06,1.80853026210307e-05,2.2107998192,protein_coding
ENSG00000182108,DEXI,31.0375,11.788,1.87882540503321e-12,2.30443807256714e-10,2.505278386,protein_coding
ENSG00000182117,NOP10,12.2615,26.12,1.30731449792985e-08,2.04670070718982e-07,2.045017532,protein_coding
ENSG00000182866,LCK,16.402,5.918,3.39100797970211e-09,6.56280434888207e-08,2.5154668979,protein_coding
ENSG00000183397,C19orf71,8.976,3.916,3.54597133109695e-06,2.76746527687859e-05,2.0292921074,protein_coding
ENSG00000183508,FAM46C,12.74,47.092,3.57555861199233e-11,1.7010557571162e-09,3.5001455604,protein_coding
ENSG00000183520,UTP11L,1.302,3.754,2.46045249519729e-12,2.62541135849275e-10,2.0651607298,protein_coding
ENSG00000183864,TOB2,4.742,17.55,9.39571146175119e-08,1.12947099284004e-06,3.2305816789,protein_coding
ENSG00000184208,C22orf46,3.739,1.312,1.65205988671413e-11,9.62180761698047e-10,2.0497404844,protein_coding
ENSG00000184508,HDDC3,4.5175,1.484,1.51187835316896e-12,2.03948699001533e-10,2.221215781,protein_coding
ENSG00000184545,DUSP8,0.544,4.32,1.40569079310448e-09,3.16571285218921e-08,3.4455958549,protein_coding
ENSG00000184619,KRBA2,2.544,0.72,8.59959980408263e-12,6.17048798373746e-10,2.0604651163,protein_coding
ENSG00000184682,C11orf89,6.5575,2.023,2.25343275450027e-11,1.19520246191055e-09,2.5,protein_coding
ENSG00000184909,AL513013.1,6.083,1.299,1.08890946967581e-11,7.0652620883252e-10,3.0809047412,protein_coding
ENSG00000185022,MAFF,1.2245,4.146,1.65205988671413e-11,9.62180761698047e-10,2.3133288379,protein_coding
ENSG00000185112,FAM43A,0.2955,1.939,8.51381706940218e-07,7.87548144414259e-06,2.2686221536,protein_coding
ENSG00000185262,FAM100B,20.3915,48.915,1.43202091979167e-12,1.98605615126867e-10,2.3334034546,protein_coding
ENSG00000185432,METTL7A,33.4215,9.106,2.20982224219466e-12,2.4995191119279e-10,3.4060459133,protein_coding
ENSG00000185495,RP11-504P24.4,14.9575,4.438,1.77970314277478e-12,2.23883232855023e-10,2.9344428099,processed_transcript
ENSG00000185883,ATP6V0C,34.4405,76.657,1.43202091979167e-12,1.98605615126867e-10,2.1911936908,protein_coding
ENSG00000185905,C16orf54,6.1055,14.221,7.11501358878255e-05,0.0004000246,2.14214341,protein_coding
ENSG00000185950,IRS2,4.3935,17.057,6.57089036822145e-11,2.67809840147792e-09,3.3479187911,protein_coding
ENSG00000186265,BTLA,35.242,16.056,1.41378198542834e-11,8.67023892907452e-10,2.1248827392,protein_coding
ENSG00000186470,BTN3A2,13.506,4.699,1.83798676715354e-13,8.87513682541473e-11,2.5453588349,protein_coding
ENSG00000186594,C17orf91,1.385,7.066,3.09376618331225e-09,6.09574442413768e-08,3.3819706499,lincRNA
ENSG00000187621,TCL6,5.0645,1.802,0.0003337165,0.001573905,2.1643468951,lincRNA
ENSG00000187994,RINL,8.7745,3.806,1.56871374162925e-11,9.21713258161772e-10,2.0338119018,protein_coding
ENSG00000188163,FAM166A,0.366,2.087,1.53341381196176e-10,5.1663483403402e-09,2.2598828697,protein_coding
ENSG00000188229,TUBB2C,13.1625,58.93,2.76637800033582e-10,8.26313319141405e-09,4.2315975287,protein_coding
ENSG00000188321,ZNF559,9.92,4.263,1.65182335510445e-11,9.62180761698047e-10,2.0748622459,protein_coding
ENSG00000188404,SELL,124.002,32.258,4.38353861470869e-11,1.99362117136386e-09,3.7585543328,protein_coding
ENSG00000188486,H2AFX,1.398,7.776,3.58420800657241e-12,3.30277060361084e-10,3.6597164304,protein_coding
ENSG00000188921,PTPLAD2,7.307,2.996,1.49193080542901e-08,2.29029211457137e-07,2.0788288288,protein_coding
ENSG00000196154,S100A4,53.687,18.168,9.58459994148074e-09,1.57597806075902e-07,2.8530363105,protein_coding
ENSG00000196352,CD55,13.7655,37.337,5.206108672899e-12,4.35681363118577e-10,2.596390234,protein_coding
ENSG00000196458,ZNF605,4.8245,1.83,1.53523011894546e-14,5.48425576964212e-11,2.0581272085,protein_coding
ENSG00000196533,C1orf186,9.1775,2.989,2.3890123572731e-10,7.38993348935202e-09,2.5513913261,protein_coding
ENSG00000196843,ARID5A,7.2975,26.841,2.09358843062526e-12,2.45287320339137e-10,3.3553479964,protein_coding
ENSG00000196975,ANXA4,2.1275,0.54,6.89221826334985e-05,0.0003889873,2.0308441558,protein_coding
ENSG00000197019,SERTAD1,1.3585,13.613,8.28516153114402e-14,6.77467301949733e-11,6.1958872165,protein_coding
ENSG00000197043,ANXA6,26.3615,8.809,2.09358843062526e-12,2.45287320339137e-10,2.7894280763,protein_coding
ENSG00000197063,MAFG,3.765,9.435,7.82213047695729e-14,6.67414780630645e-11,2.1899265477,protein_coding
ENSG00000197279,ZNF165,1.015,10.492,5.86761129655785e-14,5.48425576964212e-11,5.7032258065,protein_coding
ENSG00000197385,ZNF860,8.538,2.559,9.80741114557683e-12,6.72956433658645e-10,2.6799662827,protein_coding
ENSG00000197457,STMN3,20.9745,5.691,2.14015758007873e-11,1.15067184740425e-09,3.2841877148,protein_coding
ENSG00000197579,TOPORS,5.539,12.156,1.43202091979167e-12,1.98605615126867e-10,2.0119284294,protein_coding
ENSG00000197619,ZNF615,2.5625,6.309,2.46121404010706e-12,2.62541135849275e-10,2.0516491228,protein_coding
ENSG00000197629,MPEG1,11.6375,4.881,5.16889460437215e-05,0.0003016264,2.1488692399,protein_coding
ENSG00000197780,TAF13,2.893,9.535,1.56848865225503e-11,9.21713258161772e-10,2.7061392242,protein_coding
ENSG00000197880,MDS2,3.95,1.138,2.31538656753038e-07,2.49935663886138e-06,2.3152478952,protein_coding
ENSG00000198056,PRIM1,4.521,1.675,3.76218762787405e-11,1.77503016728673e-09,2.0639252336,protein_coding
ENSG00000198060,MARCH5,3.914,8.921,3.78108709698968e-12,3.42786293499724e-10,2.0189255189,protein_coding
ENSG00000198105,ZNF248,3.436,1.184,8.75251604834011e-13,1.53360492134509e-10,2.0311355311,protein_coding
ENSG00000198150,AC135178.1,3.6715,1.008,7.94573045427266e-12,5.83091705218756e-10,2.3264442231,protein_coding
ENSG00000198435,NRARP,0.0555,1.48,5.54277552816707e-10,1.46300199532636e-08,2.3495973472,protein_coding
ENSG00000198598,MMP17,4.628,1.666,0.0007758575,0.0033074434,2.1110277569,protein_coding
ENSG00000198805,PNP,5.105,22.257,1.41378198542834e-11,8.67023892907452e-10,3.8095004095,protein_coding
ENSG00000199370,U3,7.085,1.231,5.20727154326486e-09,9.48840300843094e-08,3.623935455,snoRNA
ENSG00000203508,CR786580.1,3.306,0.619,3.04902800367014e-10,8.95185669060997e-09,2.6596664608,lincRNA
ENSG00000203747,FCGR3A,2.903,0.665,1.03232933410097e-06,9.30732841690673e-06,2.3441441441,protein_coding
ENSG00000204271,SPIN3,4.9375,1.693,8.28426731468079e-13,1.48469957915026e-10,2.2047901968,protein_coding
ENSG00000204305,AGER,7.305,3.139,7.63996407653776e-11,3.00502110330176e-09,2.0065233148,protein_coding
ENSG00000204386,NEU1,2.651,14.439,4.39530971338323e-14,5.48425576964212e-11,4.2287044645,protein_coding
ENSG00000204388,HSPA1B,1.1555,6.718,1.19773601999258e-10,4.25485144635997e-09,3.5806077476,protein_coding
ENSG00000204475,NCR3,15.485,6.187,1.11964263105454e-08,1.79733552663638e-07,2.2937247809,protein_coding
ENSG00000204852,TCTN1,7.926,3.125,8.36710355995739e-10,2.04229134095005e-08,2.1638787879,protein_coding
ENSG00000205056,CLLU1,6.0955,1.703,1.04752681879419e-08,1.69421773245697e-07,2.6250462449,lincRNA
ENSG00000205189,ZBTB10,5.4315,17.037,4.93519979735773e-12,4.19393881252071e-10,2.80447796,protein_coding
ENSG00000207118,SNORD14D,0.5355,2.361,1.94177674753018e-05,0.0001247754,2.1888635624,snoRNA
ENSG00000207427,SNORA51,0.9955,3.099,1.20456050309587e-07,1.40607377599721e-06,2.054121774,snoRNA
ENSG00000211679,IGLC3,27.3695,8.287,0.0023907624,0.0088440182,3.0547539571,IG_C_gene
ENSG00000211829,AE000661.11,16.1275,6.299,8.85457165388458e-07,8.13323386012909e-06,2.3465543225,TR_C_gene
ENSG00000211892,IGHG4,19.623,7.579,9.0259822475381e-07,8.27712096340241e-06,2.4038932276,IG_C_gene
ENSG00000211893,IGHG2,183.6875,57.985,3.23906905964335e-09,6.33118633077399e-08,3.1310926507,IG_C_gene
ENSG00000211896,IGHG1,60.026,22.308,0.00081934,0.0034657048,2.6182426635,IG_C_gene
ENSG00000211898,IGHD,197.358,80.304,0.0001326381,0.0006951414,2.4397077635,IG_C_gene
ENSG00000211899,IGHM,2773.272,1290.89,3.06510132122138e-05,0.0001881779,2.1474521825,IG_C_gene
ENSG00000211978,IGHV5-78,3.2025,1.094,0.0001069217,0.0005741649,2.0069245463,IG_V_pseudogene
ENSG00000212066,AL645941.1,13.7735,2.477,8.355944610821e-05,0.0004617239,4.248921484,miRNA
ENSG00000212694,AC084018.1,12.886,4.182,3.81417002448488e-13,1.11718178575378e-10,2.6796603628,processed_transcript
ENSG00000213015,ZNF580,12.511,5.647,2.45704474155245e-09,5.036419880558e-08,2.0326463066,protein_coding
ENSG00000213057,C1orf220,6.4275,1.53,3.39658539078599e-11,1.62820020456022e-09,2.935770751,protein_coding
ENSG00000213075,RPL31P11,2.4885,0.638,2.36856106004352e-13,9.46849538631442e-11,2.1297313797,processed_transcript
ENSG00000213231,TCL1B,2.8715,0.83,1.88588854007092e-05,0.0001215024,2.1155737705,protein_coding
ENSG00000213557,RP11-240E2.2,10.138,3.606,6.46829490415837e-05,0.0003678802,2.4181502388,pseudogene
ENSG00000213626,LBH,39.183,17.476,6.72383075424758e-08,8.45573961145349e-07,2.1748755142,protein_coding
ENSG00000214193,SH3D21,9.223,4.092,2.19655628409522e-06,1.80853026210307e-05,2.0076590731,protein_coding
ENSG00000215417,MIR17HG,0.63,2.577,3.887074545865e-09,7.37510479315347e-08,2.1944785276,lincRNA
ENSG00000215845,TSTD1,34.942,14.611,1.65229644929676e-11,9.62180761698047e-10,2.3023509064,protein_coding
ENSG00000219222,RP11-480N24.3,2.5135,0.462,6.40017901403256e-09,1.13085531049143e-07,2.4032147743,pseudogene
ENSG00000220614,RP11-480N24.4,3.121,0.553,4.61131761031717e-11,2.06166737513894e-09,2.6535737283,pseudogene
ENSG00000223705,NSUN5P1,17.5,6.733,1.51187835316896e-12,2.03948699001533e-10,2.3923444976,processed_transcript
ENSG00000223946,RP11-533O20.2,2.8115,0.505,1.73998679663376e-11,1.00150292262935e-09,2.5325581395,lincRNA
ENSG00000224610,RP11-265P11.1,10.146,4.21,0.0017189579,0.0066433249,2.1393474088,lincRNA
ENSG00000224730,AC009892.10,6.7925,2.802,3.29608447566335e-06,2.59306513500323e-05,2.0495791689,protein_coding
ENSG00000224858,AC011816.4,5.5065,2.173,0.0025132201,0.0092473398,2.0505830444,pseudogene
ENSG00000224892,RPS4XP16,3.0225,0.889,3.2281826182183e-11,1.56810568790161e-09,2.1294335627,pseudogene
ENSG00000225193,RP11-697E2.1,5.972,2.429,2.04154080631629e-09,4.31310949650114e-08,2.0332458443,pseudogene
ENSG00000225420,AC104134.2,4.374,11.51,1.13962318648621e-10,4.10036224611163e-09,2.3278749535,processed_transcript
ENSG00000225854,RP11-569G9.7,2.656,0.792,6.69984791719811e-09,1.17080289805035e-07,2.0401785714,pseudogene
ENSG00000225920,RIMKLBP2,4.8505,1.44,2.57344818613089e-09,5.21991048358921e-08,2.3977459016,pseudogene
ENSG00000226491,AC098824.5,1.965,0.482,6.13582822416587e-10,1.59737107316958e-08,2.0006747638,pseudogene
ENSG00000226508,AC104655.3,2.349,0.578,6.24577827824039e-07,5.99901194177529e-06,2.1223067174,lincRNA
ENSG00000226696,AC008746.11,10.023,3.551,1.13977304148075e-10,4.10036224611163e-09,2.4221050319,processed_transcript
ENSG00000226751,AF127936.5,1.8605,0.288,3.88750281861962e-09,7.37510479315347e-08,2.2208850932,lincRNA
ENSG00000226945,RP11-564A8.4,5.207,1.986,0.0001640736,0.0008404135,2.0787006028,pseudogene
ENSG00000227032,RP11-34E5.4,3.678,1.179,2.91390497123682e-11,1.46625456687274e-09,2.1468563561,pseudogene
ENSG00000227039,AL844908.5,2.601,0.735,8.08800800269825e-06,5.73458595482646e-05,2.0755043228,lincRNA
ENSG00000227217,RP11-367J7.3,42.827,10.765,9.56255587973533e-07,8.71015910243054e-06,3.72520187,processed_transcript
ENSG00000227218,RP11-203J24.8,2.9605,11.056,3.01277546677714e-14,5.48425576964212e-11,3.0440600934,processed_transcript
ENSG00000227394,AC007386.3,10.047,4.078,1.53460750349424e-10,5.1663483403402e-09,2.1754627806,pseudogene
ENSG00000227507,LTB,33.8925,12.272,5.44517450462256e-10,1.43820763211259e-08,2.6290310428,protein_coding
ENSG00000227775,RP1-283E3.3,5.1275,2.053,1.94909788496188e-09,4.14859777043757e-08,2.0070422535,lincRNA
ENSG00000228492,RP3-368A4.3,25.3655,9.446,2.05772746085949e-13,8.87513682541473e-11,2.523980471,pseudogene
ENSG00000228784,AC013400.2,3.976,1.479,1.77547094229599e-09,3.8297513081538e-08,2.0072609923,lincRNA
ENSG00000228835,AC012123.1,3.657,1.066,1.02088910685886e-07,1.2165301656189e-06,2.2541142304,protein_coding
ENSG00000229164,AE000661.28,33.9355,9.018,1.11138308546584e-09,2.60111357909652e-08,3.4872729088,TR_C_gene
ENSG00000229180,GS1-124K5.11,5.9255,1.807,1.64005051714719e-12,2.16735160766027e-10,2.4672247952,lincRNA
ENSG00000229186,ADAM1,5.0255,1.921,1.21570081917652e-12,1.84257256121435e-10,2.0628209517,pseudogene
ENSG00000230124,RP5-1180C10.2,5.866,1.435,2.57743131722136e-13,9.5435473367567e-11,2.8197125257,processed_transcript
ENSG00000230138,RP11-117D22.2,2.3075,0.36,3.58420800657241e-12,3.30277060361084e-10,2.4319852941,lincRNA
ENSG00000230177,RP5-1112D6.4,3.6325,1.185,2.03217464585948e-11,1.11569431764926e-09,2.1201372998,processed_transcript
ENSG00000230482,AC074092.1,6.9645,1.983,1.30829805755101e-07,1.51160996352134e-06,2.6699631244,pseudogene
ENSG00000230487,AC093734.11,2.0675,0.471,2.59702231491428e-12,2.72625697126848e-10,2.0853161115,lincRNA
ENSG00000230530,RP11-697K23.1,19.969,7.669,3.05241663445208e-12,3.00261404725838e-10,2.4188487715,lincRNA
ENSG00000232220,AC008440.5,0.8965,4.79,1.01282113331778e-06,9.16160789619483e-06,3.0529923543,processed_transcript
ENSG00000232442,CTD-3184A7.4,42.282,20.099,1.86950485852772e-10,6.05414160002923e-09,2.0513768425,processed_transcript
ENSG00000232656,IDI2-AS1,9.087,22.765,3.06710647638126e-11,1.51613176437642e-09,2.3560027759,processed_transcript
ENSG00000232810,TNF,1.287,12.605,1.41378198542834e-11,8.67023892907452e-10,5.9488412768,protein_coding
ENSG00000232815,RP11-764K9.2,5.1085,1.113,1.77547094229599e-09,3.8297513081538e-08,2.8909133933,pseudogene
ENSG00000232956,C7orf40,8.3135,19.759,4.76573588700245e-13,1.24700245219306e-10,2.2289150158,protein_coding
ENSG00000233098,AC090774.1,7.105,1.592,3.19287257121109e-07,3.32935854270628e-06,3.1269290123,processed_transcript
ENSG00000233264,AC006042.8,2.619,0.662,9.16684022009139e-09,1.51745808434571e-07,2.1774969916,pseudogene
ENSG00000233588,CYP51P2,0.631,2.449,1.73154101905218e-12,2.22823781825505e-10,2.1146535868,pseudogene
ENSG00000233953,AC009970.1,5.5055,1.721,4.43686155073314e-12,3.88828195793566e-10,2.3908489526,processed_transcript
ENSG00000234211,RP11-25K21.1,4.01,1.095,2.46159489394719e-12,2.62541135849275e-10,2.3914081146,processed_transcript
ENSG00000234338,RP11-797H7.1,5.1315,1.925,3.05194835429449e-12,3.00261404725838e-10,2.0962393162,pseudogene
ENSG00000235192,AC009495.2,5.948,2.467,4.39667377742456e-05,0.0002603969,2.0040380733,lincRNA
ENSG00000235437,RP11-357C3.3,6.116,2.375,6.44560380957482e-08,8.1622807461841e-07,2.1084444444,processed_transcript
ENSG00000235621,RP1-66N13.3,26.57,10.213,8.36710355995739e-10,2.04229134095005e-08,2.4587532329,lincRNA
ENSG00000236144,AD000090.2,8.114,3.452,5.10424164108447e-11,2.21856456446206e-09,2.0471698113,processed_transcript
ENSG00000236215,RP11-262H14.10,2.884,0.532,8.23706388501563e-11,3.17892350465072e-09,2.5352480418,pseudogene
ENSG00000236624,CCDC163P,1.7745,0.247,9.29482866099477e-05,0.0005077675,2.2249398557,protein_coding
ENSG00000236650,CTA-221G9.10,6.1685,1.838,1.70211671616289e-08,2.54791681894268e-07,2.5258985201,pseudogene
ENSG00000236901,NCRNA00287,37.3085,17.569,3.05241663445208e-12,3.00261404725838e-10,2.0630351661,processed_transcript
ENSG00000237638,AC007386.2,2.388,0.66,2.76637800033582e-10,8.26313319141405e-09,2.0409638554,lincRNA
ENSG00000238113,RP11-262H14.1,4.0665,0.571,4.38353861470869e-11,1.99362117136386e-09,3.2250159134,lincRNA
ENSG00000238142,RP11-108M9.4,4.6145,1.684,3.39705692391874e-11,1.62820020456022e-09,2.0918405365,lincRNA
ENSG00000238206,RP11-472B18.2,10.332,3.358,3.78108709698968e-12,3.42786293499724e-10,2.6002753557,processed_transcript
ENSG00000238717,snoU13,2.727,0.689,0.0008299091,0.0035077645,2.2066311427,snoRNA
ENSG00000239578,AL591385.1,1.5655,0.165,1.18896617214237e-10,4.25485144635997e-09,2.2021459227,scRNA_pseudogene
ENSG00000239660,AC011487.1,0.3555,3.987,3.57820209701644e-12,3.30277060361084e-10,3.6790852084,scRNA_pseudogene
ENSG00000239961,LILRA4,9.4045,2.653,0.0008193094,0.0034657048,2.8482069532,protein_coding
ENSG00000240072,AP000350.1,2.9395,0.744,1.08906814528695e-11,7.0652620883252e-10,2.2588876147,scRNA_pseudogene
ENSG00000240487,RP11-553L6.3,2.849,0.653,1.69522279525067e-11,9.85715548011759e-10,2.3284936479,pseudogene
ENSG00000240534,RPL34P17,1.9475,0.197,6.42591516127904e-12,5.05173169579734e-10,2.462406015,pseudogene
ENSG00000240754,RP11-38J22.6,14.5605,4.378,1.69409788762959e-10,5.58753344467007e-09,2.8933618446,processed_transcript
ENSG00000241106,HLA-DOB,85.5875,33.009,1.73693344933421e-13,8.87513682541473e-11,2.5460172307,protein_coding
ENSG00000241490,RP11-553L6.2,5.5695,2.072,5.55547931795122e-07,5.42135772626225e-06,2.1385091146,lincRNA
ENSG00000241609,RP11-367J7.2,11.875,3.662,3.1679774732221e-05,0.000193868,2.7616902617,processed_transcript
ENSG00000242557,RP11-316M1.11,2.954,0.948,0.0022736467,0.0084647605,2.0297741273,processed_transcript
ENSG00000243355,RP11-57G22.1,1.907,0.3,3.02013960573212e-09,5.98001129675066e-08,2.2361538462,pseudogene
ENSG00000243368,RP11-786O7.1,4.172,1.22,2.88267165341528e-13,1.01963915767944e-10,2.3297297297,processed_transcript
ENSG00000243811,APOBEC3D,10.5835,4.025,1.4317946512939e-12,1.98605615126867e-10,2.3051741294,protein_coding
ENSG00000243943,ZNF512,14.093,5.641,4.93547234235818e-14,5.48425576964212e-11,2.2726998946,protein_coding
ENSG00000244119,RP11-454H13.6,4.5355,1.538,1.40585428962924e-09,3.16571285218921e-08,2.1810480693,pseudogene
ENSG00000244124,RP11-271K21.7,1.268,3.625,2.41170956340967e-08,3.47595969565959e-07,2.0392416226,processed_transcript
ENSG00000244167,RP4-733B9.1,1.489,0.171,2.53858109096911e-09,5.19211929335313e-08,2.1255337319,pseudogene
ENSG00000244425,AP000350.3,3.603,1.247,4.66674339701426e-09,8.61547561568263e-08,2.0485091233,scRNA_pseudogene
ENSG00000244480,AC005154.7,8.3915,3.423,1.21589414597701e-12,1.84257256121435e-10,2.1233325797,pseudogene
ENSG00000244509,APOBEC3C,26.5875,9.217,8.66023321041493e-11,3.29046944119628e-09,2.7001566017,protein_coding
ENSG00000244513,CTD-2013N24.2,10.3325,23.116,1.14754314210381e-11,7.35946418046281e-10,2.1280388264,processed_transcript
ENSG00000245773,AL121928.1,11.818,4.826,1.29037365741466e-10,4.53816090321397e-09,2.2001373155,lincRNA
ENSG00000245849,CTD-2339L15.1,33.851,12.8,9.33635935154372e-11,3.45700724706358e-09,2.5254347826,lincRNA
ENSG00000245923,AC108134.4,5.7975,1.526,4.68023806595647e-12,4.03785434441523e-10,2.69101346,lincRNA
ENSG00000246710,AC009133.2,3.3935,1.182,4.07074947704555e-09,7.6638083825538e-08,2.0135197067,lincRNA
ENSG00000246892,AL034548.1,11.9395,5.354,3.88645702760323e-10,1.0934734901534e-08,2.0364337425,lincRNA
ENSG00000246896,AC020911.1,12.009,5.446,6.78280142073214e-12,5.25241210903775e-10,2.0181507912,lincRNA
ENSG00000247019,AC090670.1,2.327,0.656,0.0001665862,0.0008520521,2.009057971,lincRNA
ENSG00000247271,CTD-2003C8.1,2.6675,0.71,1.59660329900401e-12,2.11706361089894e-10,2.1447368421,lincRNA
ENSG00000247595,RP11-504G3.1,1.4725,4.124,3.39687146947306e-12,3.2058786442706e-10,2.07239636,lincRNA
ENSG00000248000,AC138128.1,0.723,190.145,9.76670432862086e-13,1.64547144850046e-10,110.9373186303,lincRNA
ENSG00000248302,Z95704.4,3.803,0.751,0.0003337165,0.001573905,2.7430039977,pseudogene
ENSG00000248841,AL009179.2,8.374,2.541,2.25343275450027e-11,1.19520246191055e-09,2.6472747811,lincRNA
ENSG00000249281,AC093484.6,20.565,46.348,1.98422141768553e-05,0.0001271282,2.1955947137,processed_transcript
ENSG00000249971,RP11-256P1.1,6.282,26.369,1.38429440258291e-13,8.23356494221665e-11,3.758445482,processed_transcript
ENSG00000250644,RP11-295K3.1,9.654,3.808,2.02728233117625e-08,2.97787440929404e-07,2.215890183,protein_coding
ENSG00000250738,AC007739.1,3.728,1.122,1.08890946967581e-11,7.0652620883252e-10,2.2280867107,lincRNA
ENSG00000253364,RP11-731F5.2,79.293,26.102,1.19669763629981e-08,1.89774486978308e-07,2.9626226847,lincRNA
ENSG00000253690,RP11-380I10.4,5.723,2.25,1.47327287876259e-09,3.28735004085008e-08,2.0686153846,processed_transcript
ENSG00000253755,IGHGP,9.9545,3.267,7.32970908773402e-09,1.26066499554984e-07,2.5672603703,IG_C_pseudogene
ENSG00000254838,GVINP1,8.249,2.091,7.41913464833018e-13,1.37377734143316e-10,2.9922355225,processed_transcript
ENSG00000254887,CTC-378H22.1,5.041,1.359,2.76602911700995e-10,8.26313319141405e-09,2.5608308605,processed_transcript
ENSG00000254910,RP11-326C3.7,3.509,1.13,3.97377276714685e-07,4.04372847647775e-06,2.1169014085,processed_transcript
ENSG00000255137,RP11-290D2.4,2.3205,6.258,6.26164953740351e-09,1.11154899454342e-07,2.1858153892,processed_transcript
ENSG00000255151,AP001258.1,7.3645,2.106,4.26098639893434e-09,7.99423781891844e-08,2.6930135222,pseudogene
ENSG00000255284,AP006621.5,2.668,0.754,5.64782286407008e-11,2.3835634364719e-09,2.0912200684,protein_coding
ENSG00000255310,AF131215.2,12.627,3.539,5.94937222501031e-13,1.31183657561477e-10,3.0022031284,protein_coding
ENSG00000255594,Z82188.1,151.946,54.605,3.52769653350581e-10,1.01064643243482e-08,2.7505799838,pseudogene
ENSG00000255720,RP11-286N22.3,38.555,14.302,7.02217960987889e-13,1.35770210595141e-10,2.5849562149,processed_transcript
ENSG00000255760,RP11-428G5.5,32.2895,11.641,4.49227736049073e-10,1.22612930543742e-08,2.6334546318,lincRNA
ENSG00000255813,AL162497.1,6.6885,25.267,7.60826662266959e-10,1.89718460402261e-08,3.4164011186,pseudogene
ENSG00000255990,AC034102.1,31.686,14.399,4.04357740719868e-08,5.43701163601031e-07,2.122605364,pseudogene
ENSG00000256223,ZNF10,4.244,11.55,3.05241663445208e-12,3.00261404725838e-10,2.3932112891,protein_coding
ENSG00000256261,AC104698.1,61.889,27.49,1.20477620033086e-07,1.40607377599721e-06,2.2074061074,pseudogene
ENSG00000256392,RP11-347I19.3,5.757,2.144,7.83936324462434e-13,1.41814247896918e-10,2.149173028,processed_transcript
ENSG00000256590,AE000661.38,7.8725,3.294,4.5715607623157e-06,3.47125533681813e-05,2.0662552399,TR_V_gene
ENSG00000256804,RP13-977J11.5,6.619,2.605,4.16563472846614e-11,1.90804542301755e-09,2.1134535368,pseudogene
ENSG00000256910,AL034397.1,2.5875,0.363,3.2281826182183e-11,1.56810568790161e-09,2.6320616288,lincRNA
ENSG00000257082,AC137549.1,7.9505,1.596,2.69491221742437e-09,5.42423639085585e-08,3.4478043143,lincRNA
